{"max_vertex": 120, "max_face": 99, "dfa": {}, "vertex": {"0": {"y": -1.2393999999999996, "z": 4.5359999999999996, "x": -2.6825599999999987}, "1": {"y": 2.2132999999999994, "z": 1.7009999999999996, "x": 5.3759200000000007}, "2": {"y": -1.1823999999999999, "z": 3.4559999999999995, "x": 4.0886400000000016}, "3": {"y": -3.3402000000000025, "z": 1.2960000000000005, "x": -5.0483200000000021}, "4": {"y": -6.200000000000002, "z": 0.0, "x": -3.0000000000000004}, "5": {"y": 2.4976999999999991, "z": 3.9690000000000003, "x": 2.5972399999999993}, "6": {"y": -2.3792, "z": 3.0240000000000009, "x": -3.9525600000000005}, "7": {"y": 2.5924999999999989, "z": 4.7250000000000005, "x": -1.3877787807814457e-16}, "8": {"y": -5.3104000000000005, "z": 1.9440000000000004, "x": 1.1231199999999999}, "9": {"y": -1.2735999999999996, "z": 5.1839999999999993, "x": 1.3283199999999999}, "10": {"y": -3.9450000000000016, "z": 3.6000000000000014, "x": 5.2041704279304213e-17}, "11": {"y": 0.0, "z": 0.0, "x": 7.25}, "12": {"y": -6.875, "z": 0.0, "x": 0.0}, "13": {"y": 6.7999999999999998, "z": 0.0, "x": -0.99999999999999978}, "14": {"y": 4.4914000000000005, "z": 0.72900000000000009, "x": -4.5896800000000013}, "15": {"y": 3.9450000000000012, "z": 3.5999999999999996, "x": 5.5511151231257827e-17}, "16": {"y": -1.1824000000000001, "z": 3.4560000000000013, "x": -4.0886400000000025}, "17": {"y": 4.4914000000000005, "z": 0.72899999999999976, "x": 4.5896800000000004}, "18": {"y": 4.0, "z": 0.0, "x": 5.8100000000000005}, "19": {"y": -1.9999999999999998, "z": 0.0, "x": 6.8899999999999988}, "20": {"y": 1.1796119636642288e-16, "z": 5.3999999999999995, "x": -1.3419999999999996}, "21": {"y": 5.0, "z": 0.0, "x": -5.0}, "22": {"y": 0.0, "z": 2.0249999999999995, "x": 5.6380000000000008}, "23": {"y": -0.99999999999999978, "z": 0.0, "x": -7.1600000000000001}, "24": {"y": -1.1025999999999998, "z": 1.9440000000000004, "x": -5.5724800000000005}, "25": {"y": 5.3104000000000013, "z": 1.9439999999999997, "x": 1.1231199999999999}, "26": {"y": 4.0, "z": 0.0, "x": -5.8100000000000005}, "27": {"y": 0.99999999999999989, "z": 0.0, "x": 7.1600000000000001}, "28": {"y": 6.200000000000002, "z": 0.0, "x": -3.0000000000000004}, "29": {"y": -5.6750000000000007, "z": 0.0, "x": -4.0000000000000009}, "30": {"y": -3.7937999999999996, "z": 3.0240000000000009, "x": -2.4550400000000003}, "31": {"y": 3.6048000000000009, "z": 2.3039999999999994, "x": 3.7257600000000011}, "32": {"y": -5.0, "z": 0.0, "x": -5.0}, "33": {"y": 1.1824000000000003, "z": 3.4560000000000013, "x": -4.0886400000000016}, "34": {"y": 1.2735999999999998, "z": 5.1839999999999993, "x": 1.3283199999999997}, "35": {"y": -4.0000000000000009, "z": 0.0, "x": 5.8100000000000005}, "36": {"y": -6.5750000000000002, "z": 0.0, "x": 1.9999999999999996}, "37": {"y": -6.7999999999999998, "z": 0.0, "x": -0.99999999999999978}, "38": {"y": 6.7999999999999998, "z": 0.0, "x": 0.99999999999999989}, "39": {"y": 5.5511151231257827e-17, "z": 4.7250000000000005, "x": -2.7109999999999985}, "40": {"y": -2.5687999999999986, "z": 4.5359999999999996, "x": -1.2872799999999995}, "41": {"y": -5.1466000000000012, "z": 1.7010000000000003, "x": 2.2559599999999995}, "42": {"y": 1.1188966420050406e-16, "z": 3.6000000000000014, "x": -4.1340000000000039}, "43": {"y": -1.2735999999999994, "z": 5.1839999999999993, "x": -1.3283199999999991}, "44": {"y": -1.2393999999999998, "z": 4.5359999999999996, "x": 2.6825599999999992}, "45": {"y": 1.1823999999999997, "z": 3.4559999999999991, "x": 4.0886400000000016}, "46": {"y": -2.5687999999999995, "z": 4.5359999999999996, "x": 1.28728}, "47": {"y": 3.9072000000000009, "z": 3.4559999999999995, "x": 1.2188799999999997}, "48": {"y": -4.0000000000000009, "z": 0.0, "x": -5.8100000000000005}, "49": {"y": 5.6750000000000007, "z": 0.0, "x": 4.0}, "50": {"y": -1.1025999999999998, "z": 1.9439999999999997, "x": 5.5724799999999997}, "51": {"y": -2.2132999999999989, "z": 1.7009999999999996, "x": 5.3759200000000007}, "52": {"y": -6.5749999999999993, "z": 0.0, "x": -1.9999999999999998}, "53": {"y": 0.99999999999999989, "z": 0.0, "x": -7.1600000000000001}, "54": {"y": 3.0000000000000004, "z": 0.0, "x": 6.4399999999999995}, "55": {"y": 3.9072000000000013, "z": 3.4559999999999986, "x": -1.2188799999999995}, "56": {"y": 5.5511151231257827e-17, "z": 5.3999999999999995, "x": 1.3419999999999994}, "57": {"y": 5.5511151231257827e-17, "z": 3.5999999999999996, "x": 4.1340000000000012}, "58": {"y": 5.0, "z": 0.0, "x": 5.0}, "59": {"y": -5.6750000000000007, "z": 0.0, "x": 4.0}, "60": {"y": 2.3791999999999991, "z": 3.0239999999999996, "x": 3.9525600000000001}, "61": {"y": -4.4914000000000014, "z": 0.72900000000000009, "x": 4.5896800000000013}, "62": {"y": 2.5687999999999991, "z": 4.5359999999999996, "x": -1.2872799999999998}, "63": {"y": -2.2133000000000003, "z": 1.7010000000000001, "x": -5.3759199999999998}, "64": {"y": 6.5749999999999993, "z": 0.0, "x": -1.9999999999999998}, "65": {"y": -0.99999999999999978, "z": 0.0, "x": 7.1600000000000001}, "66": {"y": -3.0000000000000004, "z": 0.0, "x": 6.4400000000000022}, "67": {"y": -5.1466000000000003, "z": 1.7010000000000001, "x": -2.25596}, "68": {"y": -1.2850000000000001, "z": 5.3999999999999995, "x": 8.3266726846886741e-17}, "69": {"y": -4.8736000000000015, "z": 1.2960000000000007, "x": -3.4082400000000019}, "70": {"y": 0.0, "z": 5.625, "x": 0.0}, "71": {"y": 1.9999999999999996, "z": 0.0, "x": 6.8899999999999997}, "72": {"y": 3.6048000000000018, "z": 2.3040000000000003, "x": -3.7257600000000011}, "73": {"y": -3.3402000000000012, "z": 1.2960000000000003, "x": 5.048320000000003}, "74": {"y": 2.3791999999999995, "z": 3.0240000000000014, "x": -3.9525600000000005}, "75": {"y": -6.1999999999999993, "z": 0.0, "x": 3.0000000000000004}, "76": {"y": 2.5687999999999991, "z": 4.5359999999999996, "x": 1.2872799999999998}, "77": {"y": 1.1025999999999998, "z": 1.9439999999999997, "x": 5.5724800000000005}, "78": {"y": -3.6048000000000009, "z": 2.3040000000000003, "x": 3.725760000000002}, "79": {"y": -5.3650000000000011, "z": 2.0250000000000004, "x": -6.2883726004159257e-17}, "80": {"y": 1.2849999999999997, "z": 5.3999999999999995, "x": 0.0}, "81": {"y": 3.3402000000000021, "z": 1.2959999999999998, "x": -5.0483200000000004}, "82": {"y": 1.1025999999999998, "z": 1.9440000000000004, "x": -5.5724800000000023}, "83": {"y": 4.8736000000000006, "z": 1.2959999999999996, "x": 3.408240000000001}, "84": {"y": 5.3650000000000002, "z": 2.0249999999999995, "x": 1.1102230246251565e-16}, "85": {"y": -5.0, "z": 0.0, "x": 5.0}, "86": {"y": 1.2393999999999996, "z": 4.5359999999999996, "x": -2.6825599999999983}, "87": {"y": -2.5924999999999989, "z": 4.7249999999999996, "x": 8.3266726846886741e-17}, "88": {"y": 5.6750000000000007, "z": 0.0, "x": -4.0000000000000009}, "89": {"y": -3.9072000000000009, "z": 3.4560000000000008, "x": 1.21888}, "90": {"y": -2.4976999999999987, "z": 3.9689999999999994, "x": -2.5972399999999989}, "91": {"y": 6.1999999999999993, "z": 0.0, "x": 3.0000000000000004}, "92": {"y": 3.3402000000000012, "z": 1.2959999999999996, "x": 5.0483200000000004}, "93": {"y": 1.2393999999999998, "z": 4.5359999999999996, "x": 2.6825599999999992}, "94": {"y": -2.4976999999999991, "z": 3.9689999999999999, "x": 2.5972399999999989}, "95": {"y": -6.7999999999999998, "z": 0.0, "x": 0.99999999999999989}, "96": {"y": 1.2735999999999996, "z": 5.1839999999999993, "x": -1.3283199999999993}, "97": {"y": 5.3103999999999996, "z": 1.9439999999999997, "x": -1.1231199999999995}, "98": {"y": 3.0000000000000004, "z": 0.0, "x": -6.4399999999999995}, "99": {"y": -4.8736000000000015, "z": 1.296, "x": 3.4082400000000015}, "100": {"y": 5.1466000000000012, "z": 1.7009999999999996, "x": 2.2559599999999991}, "101": {"y": 2.2132999999999994, "z": 1.7010000000000005, "x": -5.3759199999999998}, "102": {"y": 5.5511151231257827e-17, "z": 4.7250000000000005, "x": 2.710999999999999}, "103": {"y": 3.7938000000000001, "z": 3.0239999999999996, "x": 2.4550399999999994}, "104": {"y": 3.7938000000000001,