{"max_vertex": 99, "max_face": 80, "dfa": {}, "vertex": {"0": {"y": 3.3333333333333335, "z": 0.0, "x": 1.6666666666666665}, "1": {"y": -3.7037037037037037, "z": 0.0, "x": -2.7777777777777777}, "2": {"y": 0.5555555555555558, "z": 3.7037037037037033, "x": -4.1111111111111107}, "3": {"y": 1.1865569272976679, "z": 1.6049382716049385, "x": 0.48861454046639274}, "4": {"y": -3.1481481481481479, "z": 0.0, "x": 0.5555555555555558}, "5": {"y": 2.7206218564243256, "z": 0.79012345679012386, "x": -1.5744855967078193}, "6": {"y": 2.011888431641518, "z": 1.3827160493827162, "x": 1.5053497942386831}, "7": {"y": 1.3305898491083674, "z": 2.1234567901234573, "x": 2.4101508916323735}, "8": {"y": 2.9802367525275626, "z": 0.94375857338820335, "x": -2.6143880506020434}, "9": {"y": -3.8888888888888888, "z": 1.4814814814814812, "x": 4.6444444444444439}, "10": {"y": 1.4746227709190669, "z": 2.6419753086419755, "x": -3.3281207133058985}, "11": {"y": 3.1481481481481479, "z": 0.0, "x": 0.5555555555555558}, "12": {"y": 1.1865569272976679, "z": 1.6049382716049385, "x": -0.4886145404663923}, "13": {"y": 4.2592592592592595, "z": 0.0, "x": 3.8888888888888888}, "14": {"y": 0.40059950210841866, "z": 1.7832647462277094, "x": 0.48117664990093012}, "15": {"y": -2.1820860641162434, "z": 1.6515775034293554, "x": -2.491845755220242}, "16": {"y": -2.0118884316415184, "z": 1.3827160493827164, "x": -1.505349794238684}, "17": {"y": 1.9267896154041564, "z": 1.2482853223593966, "x": -0.5034903215973181}, "18": {"y": -0.41609510745313238, "z": 1.9753086419753085, "x": 1.4362139917695469}, "19": {"y": 2.182086064116243, "z": 1.6515775034293556, "x": 2.4918457552202415}, "20": {"y": -3.3696590966824158, "z": 1.1742112482853222, "x": 3.6396585886297816}, "21": {"y": 5.0, "z": 0.0, "x": -5.0}, "22": {"y": -1.9267896154041562, "z": 1.2482853223593964, "x": 0.50349032159731799}, "23": {"y": -0.5555555555555558, "z": 3.7037037037037033, "x": 4.1111111111111107}, "24": {"y": -1.1865569272976684, "z": 1.6049382716049385, "x": 0.48861454046639263}, "25": {"y": -1.4746227709190678, "z": 2.6419753086419755, "x": -3.3281207133058994}, "26": {"y": -3.7037037037037037, "z": 0.0, "x": 2.7777777777777777}, "27": {"y": -0.4935731341767009, "z": 2.9355281207133057, "x": 3.2658131382411213}, "28": {"y": 1.3305898491083679, "z": 2.1234567901234569, "x": -2.4101508916323739}, "29": {"y": 1.9267896154041562, "z": 1.2482853223593966, "x": 0.50349032159731788}, "30": {"y": -2.5908144083727076, "z": 0.71330589849108361, "x": 0.52580399329370553}, "31": {"y": 2.4373825128283291, "z": 2.0548696844993146, "x": -3.4527358634354521}, "32": {"y": 0.44708631814255984, "z": 2.3593964334705078, "x": -2.3693034598384393}, "33": {"y": -0.41609510745313244, "z": 1.9753086419753092, "x": -1.436213991769548}, "34": {"y": -3.8888888888888888, "z": 1.4814814814814812, "x": -4.6444444444444439}, "35": {"y": 3.8888888888888888, "z": 1.4814814814814821, "x": -4.6444444444444448}, "36": {"y": -2.7206218564243256, "z": 0.79012345679012341, "x": 1.5744855967078188}, "37": {"y": -5.0, "z": 0.0, "x": -5.0}, "38": {"y": -1.4746227709190678, "z": 2.6419753086419759, "x": 3.3281207133058994}, "39": {"y": -1.6666666666666674, "z": 3.3333333333333339, "x": 4.2000000000000002}, "40": {"y": 2.5908144083727076, "z": 0.71330589849108383, "x": -0.52580399329370553}, "41": {"y": 1.4746227709190673, "z": 2.6419753086419755, "x": 3.3281207133058985}, "42": {"y": -0.44708631814255995, "z": 2.3593964334705078, "x": 2.3693034598384397}, "43": {"y": -2.9802367525275617, "z": 0.9437585733882029, "x": 2.6143880506020425}, "44": {"y": 3.8888888888888888, "z": 1.4814814814814821, "x": 4.6444444444444448}, "45": {"y": 2.4373825128283291, "z": 2.0548696844993142, "x": 3.4527358634354517}, "46": {"y": 0.41609510745313261, "z": 1.975308641975309, "x": -1.436213991769548}, "47": {"y": -0.40059950210841871, "z": 1.7832647462277091, "x": -0.48117664990093034}, "48": {"y": 1.6666666666666665, "z": 3.3333333333333339, "x": 4.1999999999999993}, "49": {"y": -2.9802367525275626, "z": 0.9437585733882029, "x": -2.6143880506020425}, "50": {"y": -2.0118884316415184, "z": 1.3827160493827162, "x": 1.5053497942386831}, "51": {"y": 0.4935731341767009, "z": 2.9355281207133057, "x": -3.2658131382411213}, "52": {"y": -3.3696590966824154, "z": 1.1742112482853222, "x": -3.6396585886297803}, "53": {"y": 5.0, "z": 0.0, "x": 5.0}, "54": {"y": -0.40059950210841883, "z": 1.7832647462277089, "x": 0.48117664990093001}, "55": {"y": 2.5908144083727076, "z": 0.71330589849108395, "x": 0.52580399329370553}, "56": {"y": -1.6666666666666674, "z": 3.3333333333333339, "x": -4.2000000000000002}, "57": {"y": 0.41609510745313244, "z": 1.9753086419753085, "x": 1.4362139917695469}, "58": {"y": -0.5555555555555558, "z": 3.7037037037037033, "x": -4.1111111111111107}, "59": {"y": 2.1820860641162438, "z": 1.6515775034293554, "x": -2.4918457552202415}, "60": {"y": 4.2592592592592595, "z": 0.0, "x": -3.8888888888888888}, "61": {"y": 1.2345679012345678, "z": 1.7777777777777779, "x": 1.4592592592592593}, "62": {"y": -3.3333333333333335, "z": 0.0, "x": 1.6666666666666665}, "63": {"y": -2.7206218564243265, "z": 0.79012345679012363, "x": -1.5744855967078193}, "64": {"y": 1.6666666666666665, "z": 3.3333333333333339, "x": -4.1999999999999993}, "65": {"y": -1.3305898491083685, "z": 2.1234567901234573, "x": -2.4101508916323739}, "66": {"y": -0.44708631814255995, "z": 2.3593964334705078, "x": -2.3693034598384393}, "67": {"y": 0.49357313417670101, "z": 2.9355281207133057, "x": 3.2658131382411213}, "68": {"y": 2.7777777777777777, "z": 2.592592592592593, "x": 4.3777777777777782}, "69": {"y": -2.7777777777777777, "z": 2.592592592592593, "x": 4.3777777777777773}, "70": {"y": -1.1865569272976686, "z": 1.6049382716049387, "x": -0.48861454046639274}, "71": {"y": -5.0, "z": 0.0, "x": 5.0}, "72": {"y": -2.5908144083727076, "z": 0.71330589849108361, "x": -0.52580399329370531}, "73": {"y": -4.2592592592592595, "z": 0.0, "x": 3.8888888888888888}, "74": {"y": -3.3333333333333339, "z": 0.0, "x": -1.6666666666666674}, "75": {"y": 3.7037037037037037, "z": 0.0, "x": 2.7777777777777777}, "76": {"y": -2.4373825128283291, "z": 2.0548696844993146, "x": -3.4527358634354526}, "77": {"y": 3.3333333333333339, "z": 0.0, "x": -1.6666666666666674}, "78": {"y": -2.182086064116243, "z": 1.6515775034293556, "x": 2.4918457552202411}, "79": {"y": -1.2345679012345681, "z": 1.7777777777777781, "x": 1.4592592592592593}, "80": {"y": -1.3305898491083681, "z": 2.1234567901234573, "x": 2.4101508916323735}, "81": {"y": 3.3696590966824163, "z": 1.1742112482853229, "x": -3.6396585886297812}, "82": {"y": 3.1481481481481479, "z": 0.0, "x": -0.5555555555555558}, "83": {"y": -1.2345679012345685, "z": 1.7777777777777781, "x": -1.4592592592592601}, "84": {"y": 2.0118884316415184, "z": 1.3827160493827164, "x": -1.5053497942386838}, "85": {"y": -2.4373825128283295, "z": 2.0548696844993142, "x": 3.4527358634354517}, "86": {"y": 2.7206218564243256, "z": 0.79012345679012375, "x": 1.5744855967078188}, "87": {"y": -4.2592592592592595, "z": 0.0, "x": -3.8888888888888888}, "88": {"y": 0.40059950210841866, "z": 1.7832647462277091, "x": -0.48117664990093023}, "89": {"y": 0.5555555555555558, "z": 3.7037037037037033, "x": 4.1111111111111107}, "90": {"y": 0.44708631814255989, "z": 2.3593964334705078, "x": 2.3693034598384393}, "91": {"y": -3.1481481481481479, "z": 0.0, "x": -0.5555555555555558}, "92": {"y": 2.7777777777777777, "z": 2.592592592592593, "x": -4.3777777777777782}, "93": {"y": 3.3696590966824163, "z": 1.1742112482853226, "x": 3.6396585886297821}, "94": {"y": -1.9267896154041566, "z": 1.2482853223593964, "x": -0.50349032159731777}, "95": {"y": -2.7777777777777777, "z": 2.592592592592593, "x": -4.3777777777777773}, "96": {"y": 3.7037037037037037, "z": 0.0, "x": -2.7777777777777777}, "97": {"y": -0.49357313417670107, "z": 2.9355281207133057, "x": -3.2658131382411217}, "98": {"y": 1.2345679012345678, "z": 1.7777777777777783, "x": -1.4592592592592599}, "99": {"y": 2.9802367525275617,