{"max_vertex": 120, "max_face": 99, "dfa": {}, "vertex": {"0": {"y": -1.6207999999999998, "z": 2.0916000000000006, "x": -2.6189760000000009}, "1": {"y": -1.9999999999999998, "z": 3.1499999999999995, "x": 4.2439999999999998}, "2": {"y": 1.9999999999999996, "z": 3.1499999999999999, "x": 4.2439999999999998}, "3": {"y": -3.4249999999999998, "z": 0.0, "x": -1.9999999999999998}, "4": {"y": -0.72639999999999993, "z": 1.7856000000000001, "x": -0.86867199999999956}, "5": {"y": -2.0928000000000004, "z": 1.1904000000000006, "x": -0.91244799999999993}, "6": {"y": -3.8000000000000012, "z": 0.0, "x": -3.0000000000000004}, "7": {"y": -3.5086000000000008, "z": 1.0948500000000005, "x": -3.7641280000000013}, "8": {"y": -2.2062000000000008, "z": 1.3416000000000001, "x": 1.8179839999999998}, "9": {"y": -4.3250000000000002, "z": 0.0, "x": 4.0}, "10": {"y": 1.7866999999999995, "z": 2.5546500000000005, "x": 3.4496320000000003}, "11": {"y": 1.4311999999999996, "z": 1.5624000000000002, "x": 0.88508799999999965}, "12": {"y": -3.4249999999999998, "z": 0.0, "x": 1.9999999999999996}, "13": {"y": 0.0, "z": 1.8600000000000001, "x": 0.86319999999999975}, "14": {"y": -0.99999999999999978, "z": 3.5999999999999996, "x": -4.1360000000000001}, "15": {"y": -2.6598000000000011, "z": 1.946400000000001, "x": 3.5806720000000016}, "16": {"y": -1.7866999999999995, "z": 2.5546500000000005, "x": 3.4496319999999998}, "17": {"y": 3.125, "z": 0.0, "x": 0.0}, "18": {"y": -0.81759999999999999, "z": 2.390400000000001, "x": -2.5645440000000006}, "19": {"y": -0.99999999999999978, "z": 3.5999999999999996, "x": 4.1360000000000001}, "20": {"y": 0.81759999999999999, "z": 2.390400000000001, "x": -2.5645440000000006}, "21": {"y": 0.99999999999999989, "z": 3.5999999999999996, "x": 4.1360000000000001}, "22": {"y": -3.125, "z": 0.0, "x": 0.0}, "23": {"y": -0.76059999999999972, "z": 2.0123999999999995, "x": 1.7269759999999996}, "24": {"y": -3.1264000000000007, "z": 0.89640000000000031, "x": 2.8367040000000014}, "25": {"y": 0.72639999999999993, "z": 1.7856000000000001, "x": -0.86867199999999989}, "26": {"y": -3.2000000000000002, "z": 0.0, "x": 0.99999999999999989}, "27": {"y": -2.2062000000000004, "z": 1.3416000000000001, "x": -1.8179839999999996}, "28": {"y": -1.5022999999999995, "z": 1.7608499999999996, "x": 1.7611039999999993}, "29": {"y": -2.0928000000000004, "z": 1.1904000000000006, "x": 0.91244800000000004}, "30": {"y": -1.6207999999999996, "z": 2.0916000000000001, "x": 2.618976}, "31": {"y": 5.0, "z": 0.0, "x": -5.0}, "32": {"y": -0.81759999999999988, "z": 2.3904000000000001, "x": 2.5645440000000006}, "33": {"y": -1.5022999999999995, "z": 1.7608499999999994, "x": -1.7611039999999996}, "34": {"y": 0.89739999999999998, "z": 2.9196000000000009, "x": -3.3710080000000002}, "35": {"y": 2.0928000000000004, "z": 1.1903999999999999, "x": 0.91244799999999981}, "36": {"y": -3.0000000000000004, "z": 2.4000000000000008, "x": 4.4240000000000004}, "37": {"y": -2.6598000000000019, "z": 1.9464000000000008, "x": -3.5806720000000016}, "38": {"y": 3.8000000000000012, "z": 0.0, "x": -3.0000000000000004}, "39": {"y": -1.4074999999999998, "z": 1.4962499999999999, "x": -2.7755575615628914e-17}, "40": {"y": 3.1264000000000007, "z": 0.89639999999999997, "x": 2.836704000000001}, "41": {"y": -5.0, "z": 0.0, "x": -5.0}, "42": {"y": 2.2061999999999999, "z": 1.3415999999999997, "x": 1.8179839999999994}, "43": {"y": 0.81759999999999988, "z": 2.3904000000000005, "x": 2.5645440000000006}, "44": {"y": -2.6349999999999998, "z": 0.6412500000000001, "x": -5.7679555576228836e-17}, "45": {"y": 3.8000000000000003, "z": 0.0, "x": 3.0000000000000004}, "46": {"y": 3.5086000000000004, "z": 1.0948499999999999, "x": 3.7641280000000008}, "47": {"y": 0.71499999999999986, "z": 1.7099999999999997, "x": -8.3266726846886741e-17}, "48": {"y": 0.89739999999999986, "z": 2.9196, "x": 3.3710080000000007}, "49": {"y": -0.71499999999999964, "z": 1.7099999999999997, "x": 1.9428902930940239e-16}, "50": {"y": 1.6207999999999996, "z": 2.0916000000000006, "x": 2.618976}, "51": {"y": 2.3952000000000013, "z": 1.5936000000000003, "x": -2.709696000000001}, "52": {"y": 2.3952000000000009, "z": 1.5935999999999999, "x": 2.709696000000001}, "53": {"y": -0.89739999999999998, "z": 2.9196000000000009, "x": -3.3710080000000002}, "54": {"y": 1.4074999999999998, "z": 1.4962500000000001, "x": -2.7755575615628914e-17}, "55": {"y": 6.9388939039072284e-18, "z": 1.8599999999999999, "x": -0.86319999999999997}, "56": {"y": 0.0, "z": 3.75, "x": -4.0999999999999996}, "57": {"y": 2.8533999999999997, "z": 0.75464999999999982, "x": 1.8976159999999993}, "58": {"y": 2.0928000000000004, "z": 1.1903999999999999, "x": -0.91244799999999959}, "59": {"y": 3.0000000000000004, "z": 2.3999999999999995, "x": 4.4240000000000004}, "60": {"y": 4.0, "z": 1.3499999999999999, "x": 4.6760000000000002}, "61": {"y": 7.3725747729014302e-17, "z": 2.4900000000000007, "x": -2.5464000000000011}, "62": {"y": -4.0000000000000009, "z": 1.3500000000000003, "x": -4.6760000000000002}, "63": {"y": 3.4249999999999998, "z": 0.0, "x": 1.9999999999999996}, "64": {"y": 2.0550000000000006, "z": 1.1399999999999997, "x": -1.1102230246251565e-16}, "65": {"y": 1.0842021724855044e-19, "z": 3.0412500000000007, "x": -3.3448000000000002}, "66": {"y": -1.4311999999999998, "z": 1.5624, "x": 0.88508799999999976}, "67": {"y": -4.3250000000000002, "z": 0.0, "x": -4.0000000000000009}, "68": {"y": 5.0, "z": 0.0, "x": 5.0}, "69": {"y": -0.76059999999999972, "z": 2.0123999999999991, "x": -1.7269759999999998}, "70": {"y": 2.6598000000000006, "z": 1.9463999999999999, "x": 3.5806720000000007}, "71": {"y": -3.5086000000000004, "z": 1.0948500000000003, "x": 3.7641280000000013}, "72": {"y": 3.1264000000000016, "z": 0.89640000000000009, "x": -2.8367040000000014}, "73": {"y": -1.4312, "z": 1.5623999999999998, "x": -0.88508799999999943}, "74": {"y": 1.7866999999999993, "z": 2.5546500000000005, "x": -3.4496319999999989}, "75": {"y": 4.0, "z": 1.3499999999999999, "x": -4.6760000000000002}, "76": {"y": 0.0, "z": 3.0412500000000007, "x": 3.3448000000000002}, "77": {"y": 2.2061999999999999, "z": 1.3415999999999997, "x": -1.8179839999999994}, "78": {"y": 1.5022999999999991, "z": 1.7608499999999996, "x": -1.7611039999999998}, "79": {"y": -5.5511151231257827e-17, "z": 2.0962499999999999, "x": 1.7155999999999993}, "80": {"y": 4.3250000000000002, "z": 0.0, "x": 4.0}, "81": {"y": 3.4249999999999998, "z": 0.0, "x": -1.9999999999999998}, "82": {"y": 2.6598000000000015, "z": 1.9463999999999999, "x": -3.5806720000000007}, "83": {"y": 0.76059999999999994, "z": 2.0123999999999995, "x": 1.7269759999999994}, "84": {"y": -2.8534000000000002, "z": 0.75465000000000004, "x": 1.8976159999999995}, "85": {"y": -2.3952000000000009, "z": 1.593600000000001, "x": -2.7096960000000014}, "86": {"y": -2.7755575615628914e-17, "z": 2.0962499999999999, "x": -1.7155999999999991}, "87": {"y": 3.2000000000000002, "z": 0.0, "x": 0.99999999999999989}, "88": {"y": -2.6896000000000004, "z": 0.66960000000000008, "x": -0.95075199999999971}, "89": {"y": -5.0, "z": 0.0, "x": 5.0}, "90": {"y": 4.3250000000000002, "z": 0.0, "x": -4.0000000000000009}, "91": {"y": 1.6207999999999996, "z": 2.0916000000000006, "x": -2.6189760000000004}, "92": {"y": 1.5022999999999993, "z": 1.76085, "x": 1.7611039999999993}, "93": {"y": -1.7866999999999995, "z": 2.5546500000000005, "x": -3.4496319999999989}, "94": {"y": -3.0000000000000004, "z": 2.4000000000000008, "x": -4.4240000000000004}, "95": {"y": 0.99999999999999989, "z": 3.5999999999999996, "x": -4.1360000000000001}, "96": {"y": 3.0000000000000004, "z": 2.3999999999999995, "x": -4.4240000000000004}, "97": {"y": -2.6896000000000009, "z": 0.66960000000000008, "x": 0.95075199999999982}, "98": {"y": 3.2000000000000002, "z": 0.0, "x": -0.99999999999999978}, "99": {"y": 5.5511151231257827e-17, "z": 2.4900000000000007, "x": 2.5464000000000002}, "100": {"y": -3.1264000000000016, "z": 0.89640000000000042, "x": -2.8367040000000019}, "101": {"y": 1.4311999999999996,