{"max_vertex": 120, "max_face": 99, "dfa": {}, "vertex": {"0": {"y": -4.0000000000000018, "z": 1.2960000000000007, "x": -3.0000000000000018}, "1": {"y": -1.9999999999999996, "z": 4.5359999999999996, "x": 0.99999999999999978}, "2": {"y": 5.0000000000000009, "z": 0.0, "x": -4.0000000000000009}, "3": {"y": 3.0000000000000013, "z": 1.2959999999999998, "x": -4.0000000000000009}, "4": {"y": 4.0, "z": 1.9439999999999997, "x": 0.99999999999999978}, "5": {"y": -3.0000000000000004, "z": 3.0240000000000009, "x": -2.0}, "6": {"y": 5.5511151231257827e-17, "z": 3.5999999999999996, "x": 3.0000000000000009}, "7": {"y": 3.0000000000000022, "z": 2.3040000000000003, "x": -3.0000000000000013}, "8": {"y": -0.99999999999999989, "z": 4.5359999999999996, "x": 1.9999999999999996}, "9": {"y": 0.99999999999999978, "z": 3.4559999999999991, "x": 3.0000000000000004}, "10": {"y": -5.0, "z": 0.0, "x": 0.99999999999999989}, "11": {"y": -1.0, "z": 5.3999999999999995, "x": 1.1102230246251565e-16}, "12": {"y": -4.0000000000000009, "z": 0.0, "x": 5.0000000000000009}, "13": {"y": 3.0000000000000004, "z": 0.0, "x": 5.0}, "14": {"y": -4.9999999999999991, "z": 0.0, "x": -1.9999999999999998}, "15": {"y": -5.5511151231257827e-17, "z": 4.7250000000000005, "x": 1.9999999999999996}, "16": {"y": -3.0000000000000009, "z": 3.4560000000000013, "x": -0.99999999999999989}, "17": {"y": 4.0, "z": 0.0, "x": -5.0}, "18": {"y": -1.9999999999999993, "z": 3.9689999999999999, "x": 1.9999999999999991}, "19": {"y": 3.0000000000000009, "z": 3.0239999999999991, "x": -1.9999999999999989}, "20": {"y": -4.0000000000000018, "z": 1.296, "x": 3.0000000000000009}, "21": {"y": 0.0, "z": 2.0249999999999995, "x": 4.0000000000000009}, "22": {"y": 0.99999999999999967, "z": 5.3999999999999995, "x": 5.5511151231257827e-17}, "23": {"y": -0.99999999999999978, "z": 0.0, "x": 5.0}, "24": {"y": 4.0000000000000009, "z": 1.2959999999999996, "x": 3.0000000000000009}, "25": {"y": 4.0, "z": 1.9439999999999997, "x": -0.99999999999999956}, "26": {"y": 1.9999999999999993, "z": 1.7009999999999996, "x": 4.0}, "27": {"y": -0.99999999999999978, "z": 0.0, "x": -5.0}, "28": {"y": 5.6378512969246231e-17, "z": 3.6000000000000014, "x": -3.0000000000000009}, "29": {"y": -0.99999999999999933, "z": 4.5359999999999996, "x": -1.9999999999999993}, "30": {"y": 1.9999999999999993, "z": 4.5359999999999996, "x": 0.99999999999999978}, "31": {"y": 1.0, "z": 5.1839999999999993, "x": -0.99999999999999956}, "32": {"y": 0.0, "z": 0.0, "x": -5.0}, "33": {"y": 5.0, "z": 0.0, "x": -5.0}, "34": {"y": 3.0000000000000004, "z": 3.4559999999999986, "x": -0.99999999999999944}, "35": {"y": 6.9388939039072284e-18, "z": 5.3999999999999995, "x": -1.0}, "36": {"y": -0.99999999999999989, "z": 1.9440000000000004, "x": -4.0000000000000018}, "37": {"y": -3.0000000000000009, "z": 3.4560000000000008, "x": 1.0}, "38": {"y": -4.0, "z": 1.7010000000000001, "x": -1.9999999999999998}, "39": {"y": 0.0, "z": 0.0, "x": 5.0}, "40": {"y": -3.9999999999999996, "z": 2.0250000000000004, "x": -1.4311468676808659e-17}, "41": {"y": 0.99999999999999978, "z": 5.1839999999999993, "x": 0.99999999999999978}, "42": {"y": -5.0, "z": 0.0, "x": 3.0000000000000004}, "43": {"y": -1.9999999999999998, "z": 0.0, "x": 4.9999999999999991}, "44": {"y": 0.99999999999999989, "z": 0.0, "x": -5.0}, "45": {"y": 4.9999999999999991, "z": 0.0, "x": -1.9999999999999998}, "46": {"y": -6.9388939039072284e-17, "z": 4.7250000000000005, "x": -1.9999999999999984}, "47": {"y": -5.0, "z": 0.0, "x": 0.0}, "48": {"y": -5.0, "z": 0.0, "x": -5.0}, "49": {"y": 5.0, "z": 0.0, "x": 3.0000000000000004}, "50": {"y": 1.9999999999999991, "z": 3.9690000000000003, "x": 1.9999999999999993}, "51": {"y": 5.0, "z": 0.0, "x": -0.99999999999999978}, "52": {"y": 1.9999999999999996, "z": 4.5359999999999996, "x": -0.99999999999999967}, "53": {"y": -1.0000000000000002, "z": 3.4560000000000013, "x": -3.0000000000000009}, "54": {"y": 4.0, "z": 2.0249999999999995, "x": 1.1102230246251565e-16}, "55": {"y": -4.0000000000000009, "z": 0.72900000000000043, "x": -4.0000000000000009}, "56": {"y": -5.0, "z": 0.0, "x": -0.99999999999999978}, "57": {"y": -5.0, "z": 0.0, "x": 4.0}, "58": {"y": 3.0000000000000009, "z": 2.3039999999999994, "x": 3.0000000000000009}, "59": {"y": -1.9999999999999996, "z": 3.0240000000000009, "x": -3.0000000000000009}, "60": {"y": -0.99999999999999956, "z": 5.1839999999999993, "x": -0.99999999999999978}, "61": {"y": 5.0, "z": 0.0, "x": 4.0}, "62": {"y": 5.0, "z": 0.0, "x": 5.0}, "63": {"y": 0.99999999999999978, "z": 4.5359999999999996, "x": 1.9999999999999993}, "64": {"y": -1.9999999999999993, "z": 1.7009999999999996, "x": 4.0}, "65": {"y": -4.0, "z": 1.9440000000000004, "x": -0.99999999999999944}, "66": {"y": 3.0000000000000004, "z": 0.0, "x": -5.0}, "67": {"y": 5.0, "z": 0.0, "x": 0.99999999999999989}, "68": {"y": 4.0, "z": 0.0, "x": 5.0}, "69": {"y": -3.0000000000000004, "z": 0.0, "x": -5.0000000000000018}, "70": {"y": 0.0, "z": 5.625, "x": 0.0}, "71": {"y": 3.0000000000000004, "z": 3.4559999999999995, "x": 0.99999999999999978}, "72": {"y": -1.9999999999999998, "z": 4.5359999999999996, "x": -0.99999999999999978}, "73": {"y": -4.0000000000000009, "z": 1.7010000000000003, "x": 1.9999999999999996}, "74": {"y": -4.0000000000000018, "z": 0.72900000000000009, "x": 4.0000000000000009}, "75": {"y": 3.0000000000000009, "z": 3.5999999999999996, "x": 0.0}, "76": {"y": -1.0, "z": 5.1839999999999993, "x": 1.0}, "77": {"y": 5.0000000000000018, "z": 0.0, "x": -3.0000000000000004}, "78": {"y": -3.0000000000000018, "z": 1.2960000000000005, "x": -4.0000000000000009}, "79": {"y": -1.9999999999999998, "z": 3.0239999999999991, "x": 3.0000000000000004}, "80": {"y": -5.0, "z": 0.0, "x": 5.0}, "81": {"y": -3.0000000000000013, "z": 3.6000000000000014, "x": 1.5612511283791264e-16}, "82": {"y": -3.0000000000000004, "z": 0.0, "x": 5.0000000000000018}, "83": {"y": -4.0000000000000009, "z": 1.9440000000000004, "x": 0.99999999999999967}, "84": {"y": 3.0, "z": 3.0239999999999996, "x": 1.9999999999999993}, "85": {"y": 4.0000000000000009, "z": 0.72900000000000009, "x": -4.0000000000000009}, "86": {"y": 0.0, "z": 5.3999999999999995, "x": 0.99999999999999978}, "87": {"y": 1.0, "z": 3.4560000000000013, "x": -3.0000000000000009}, "88": {"y": 1.9999999999999989, "z": 3.9689999999999999, "x": -1.9999999999999993}, "89": {"y": -5.0000000000000018, "z": 0.0, "x": -3.0000000000000004}, "90": {"y": 0.99999999999999978, "z": 4.5359999999999996, "x": -1.9999999999999987}, "91": {"y": 3.5778671692021646e-18, "z": 2.0250000000000004, "x": -4.0}, "92": {"y": -3.0000000000000009, "z": 2.3040000000000003, "x": 3.0000000000000013}, "93": {"y": -4.0000000000000009, "z": 0.0, "x": -5.0000000000000009}, "94": {"y": 1.9999999999999996, "z": 3.0240000000000014, "x": -3.0000000000000013}, "95": {"y": 0.99999999999999978, "z": 1.9439999999999997, "x": 4.0000000000000009}, "96": {"y": -3.0000000000000009, "z": 3.0240000000000009, "x": 1.9999999999999998}, "97": {"y": 0.99999999999999989, "z": 1.9440000000000004, "x": -4.0000000000000009}, "98": {"y": -0.99999999999999967, "z": 3.4559999999999995, "x": 3.0000000000000004}, "99": {"y": 4.0000000000000009, "z": 0.72899999999999976, "x": 4.0000000000000009}, "100": {"y": 1.9999999999999996, "z": 0.0, "x": -5.0}, "101": {"y": 1.9999999999999996, "z": 4.7250000000000005, "x": -8.3266726846886741e-17}, "102": {"y": 3.0000000000000009, "z": 1.2959999999999996, "x": 4.0}, "103": {"y": -1.9999999999999998, "z": 3.9689999999999994, "x": -1.9999999999999998}, "104": {"y": -3.0000000000000022, "z": 2.3040000000000012, "x": -3.0000000000000018}, "105": {"y": -5.0000000000000009, "z": 0.0, "x": -4.0000000000000009}, "106": {"y": -5.0, "z": 0.0, "x": 1.9999999999999996}, "107": {"y": 5.0, "z": 0.0, "x": 0.0}, "108": {"y": 1.9999999999999996, "z": 1.7010000000000005, "x": -4.0}, "109": {"y": -3.0000000000000013, "z": 1.2960000000000003, "x": 4.0000000000000018}, "110": {"y": -1.9999999999999998, "z": 1.7010000000000001, "x": -4.0},